Workbook

Sheet Export Summary
B3: This document was exported from Numbers. Each table was converted to an Excel worksheet. All other objects on each Numbers sheet were placed on separate worksheets. Please be aware that formula calculations may differ in Excel.
B7: Numbers Sheet Name | C7: Numbers Table Name | D7: Excel Worksheet Name
B9: Tilinpäätös
C10: Table 1 | D10: Tilinpäätös
B11: Ollin osuudet
C12: Table 1 | D12: Ollin osuudet

Sheet Tilinpäätös
B2: Tammikuu | C2: Helmikuu | D2: Maaliskuu | E2: Huhtikuu | F2: Toukokuu | G2: Kesäkuu | H2: Heinäkuu | I2: Elokuu | J2: Syyskuu | K2: Lokakuu | L2: Marraskuu | M2: Joulukuu | N2: Yhteensä
N3: =SUM(B3:M3) -> 0
N4: =SUM(B4:M4) -> 0
N5: =SUM(B5:M5) -> 0
N6: =SUM(B6:M6) -> 0
N7: =SUM(B7:M7) -> 0
N8: =SUM(B8:M8) -> 0
N9: =SUM(B9:M9) -> 0
N10: =SUM(B10:M10) -> 0
N11: =SUM(B11:M11) -> 0
N12: =SUM(B12:M12) -> 0
N13: =SUM(B13:M13) -> 0
N14: =SUM(B14:M14) -> 0
... N64: =SUM(B64:M64) -> 0
A65: Yhteensä | B65: =SUM(B3:B64) -> 0 | C65: =SUM(C3:C64) -> 0 | D65: =SUM(D3:D64) -> 0 | E65: =SUM(E3:E64) -> 0 | F65: =SUM(F3:F64) -> 0 | G65: =SUM(G3:G64) -> 0 | H65: =SUM(H3:H64) -> 0 | I65: =SUM(I3:I64) -> 0 | ... M65: =SUM(M3:M64) -> 0 | N65: =SUM(B65:M65) -> 0
A66: Tarkistus | D66: =D65+D67 -> 0 | E66: =E65+E67 -> 0 | F66: =F65+F67 -> 0 | G66: =G65+G67 -> 0 | H66: =H65+H67 -> 0 | I66: =I65+I67 -> 0 | J66: =J65+J67 -> 0 | K66: =K65+K67 -> 0 | ... M66: =M65+M67 -> 0
A70: Tulot | N70: Yhteensä
N71: =SUM(B71:M71) -> 0
N72: =SUM(B72:M72) -> 0
N73: =SUM(B73:M73) -> 0
N74: =SUM(B74:M74) -> 0
N75: =SUM(B75:M75) -> 0
N76: =SUM(B76:M76) -> 0
N77: =SUM(B77:M77) -> 0
N78: =SUM(B78:M78) -> 0
N79: =SUM(B79:M79) -> 0
N80: =SUM(B80:M80) -> 0
N81: =SUM(B81:M81) -> 0
N82: =SUM(B82:M82) -> 0
A84: Yhteensä tuloja | B84: =SUM(B71:B77)+B81 -> 0 | C84: =SUM(C71:C77)+C81 -> 0 | D84: =SUM(D71:D77)+D81 -> 0 | E84: =SUM(E71:E77)+E81 -> 0 | F84: =SUM(F71:F77)+F82 -> 0 | G84: =SUM(G71:G78)+G81 -> 0 | H84: =SUM(H71:H77)+H81 -> 0 | I84: =SUM(I71:I77)+I81+I83 -> 0 | J84: =SUM(J71:J77)+J81 -> 0 | K84: =SUM(K71:K77)+K81+K78 -> 0 | L84: =SUM(L71:L77)+L82 -> 0 | M84: =SUM(M71:M77)+M82+M81 -> 0 | N84: =SUM(B84:M84) -> 0
N86: =N85+N67 -> 0
B87: =B85+B67 -> 0 | C87: =C85+C67 -> 0 | D87: =D85+D67 -> 0 | E87: =E85+E67 -> 0 | F87: =F85+F67 -> 0 | G87: =G85+G67 -> 0 | H87: =H85+H67 -> 0 | I87: =I85+I67 -> 0 | ... M87: =M85+M67 -> 0

Sheet Ollin osuudet
A1: Olavin osuus laskuista
B2: Tammikuu | C2: Helmikuu | D2: Maaliskuu | E2: Huhtikuu | F2: Toukokuu | G2: Kesäkuu | H2: Heinäkuu | I2: Elokuu | J2: Syyskuu | K2: Lokakuu | L2: Marraskuu | M2: Joulukuu | N2: Yhteensä
A4: Oomi | B4: ='Tilinpäätös'!B8/2 -> 0 | C4: ='Tilinpäätös'!C8/2 -> 0 | D4: ='Tilinpäätös'!D8/2 -> 0 | E4: ='Tilinpäätös'!E8/2 -> 0 | F4: ='Tilinpäätös'!F8/2 -> 0 | G4: ='Tilinpäätös'!G8/2 -> 0 | H4: ='Tilinpäätös'!H8/2 -> 0 | I4: ='Tilinpäätös'!I8/2 -> 0 | ... M4: ='Tilinpäätös'!M8/2 -> 0 | N4: =SUM(B4:M4) -> 0
A5: HSY | B5: ='Tilinpäätös'!B3/2 -> 0 | C5: ='Tilinpäätös'!C3/2 -> 0 | D5: ='Tilinpäätös'!D3/2 -> 0 | E5: ='Tilinpäätös'!E3/2 -> 0 | F5: ='Tilinpäätös'!F3/2 -> 0 | G5: ='Tilinpäätös'!G3/2 -> 0 | H5: ='Tilinpäätös'!H3/2 -> 0 | I5: ='Tilinpäätös'!I3/2 -> 0 | ... M5: ='Tilinpäätös'!M3/2 -> 0 | N5: =SUM(B5:M5) -> 0
A6: Elisa Oyj | B6: ='Tilinpäätös'!B7/2 -> 0 | C6: ='Tilinpäätös'!C7/2 -> 0 | D6: ='Tilinpäätös'!D7/2 -> 0 | E6: ='Tilinpäätös'!E7/2 -> 0 | F6: ='Tilinpäätös'!F7/2 -> 0 | G6: ='Tilinpäätös'!G7/2 -> 0 | H6: ='Tilinpäätös'!H7/2 -> 0 | I6: ='Tilinpäätös'!I7/2 -> 0 | ... M6: ='Tilinpäätös'!M7/2 -> 0 | N6: =SUM(B6:M6) -> 0
A7: Lähitapiola | B7: ='Tilinpäätös'!B20/2 -> 0 | C7: ='Tilinpäätös'!C20/2 -> 0 | D7: ='Tilinpäätös'!D20/2 -> 0 | E7: ='Tilinpäätös'!E20/2 -> 0 | F7: ='Tilinpäätös'!F20/2 -> 0 | G7: ='Tilinpäätös'!G20/2 -> 0 | H7: ='Tilinpäätös'!H20/2 -> 0 | I7: ='Tilinpäätös'!I20/2 -> 0 | ... M7: ='Tilinpäätös'!M20/2 -> 0 | N7: =SUM(B7:M7) -> 0
A8: ='Tilinpäätös'!A12 -> 0 | B8: ='Tilinpäätös'!B12/2 -> 0 | C8: ='Tilinpäätös'!C12/2 -> 0 | D8: ='Tilinpäätös'!D12/2 -> 0 | E8: ='Tilinpäätös'!E12/2 -> 0 | F8: ='Tilinpäätös'!F12/2 -> 0 | G8: ='Tilinpäätös'!G12/2 -> 0 | H8: ='Tilinpäätös'!H12/2 -> 0 | I8: ='Tilinpäätös'!I12/2 -> 0 | ... M8: ='Tilinpäätös'!M12/2 -> 0 | N8: =SUM(B8:M8) -> 0
A9: ='Tilinpäätös'!A13 -> 0 | B9: ='Tilinpäätös'!B13/2 -> 0 | C9: ='Tilinpäätös'!C13/2 -> 0 | D9: ='Tilinpäätös'!D13/2 -> 0 | E9: ='Tilinpäätös'!E13/2 -> 0 | F9: ='Tilinpäätös'!F13/2 -> 0 | G9: ='Tilinpäätös'!G13/2 -> 0 | H9: ='Tilinpäätös'!H13/2 -> 0 | I9: ='Tilinpäätös'!I13/2 -> 0 | ... M9: ='Tilinpäätös'!M13/2 -> 0 | N9: =SUM(B9:M9) -> 0
A10: ='Tilinpäätös'!A14 -> 0 | B10: ='Tilinpäätös'!B14/2 -> 0 | C10: ='Tilinpäätös'!C14/2 -> 0 | D10: ='Tilinpäätös'!D14/2 -> 0 | E10: ='Tilinpäätös'!E14/2 -> 0 | F10: ='Tilinpäätös'!F14/2 -> 0 | G10: ='Tilinpäätös'!G14/2 -> 0 | H10: ='Tilinpäätös'!H14/2 -> 0 | I10: ='Tilinpäätös'!I14/2 -> 0 | ... M10: ='Tilinpäätös'!M14/2 -> 0 | N10: =SUM(B10:M10) -> 0
A11: ='Tilinpäätös'!A22 -> 0 | B11: ='Tilinpäätös'!B22/2 -> 0 | C11: ='Tilinpäätös'!C22/2 -> 0 | D11: ='Tilinpäätös'!D22/2 -> 0 | E11: ='Tilinpäätös'!E22/2 -> 0 | F11: ='Tilinpäätös'!F22/2 -> 0 | G11: ='Tilinpäätös'!G22/2 -> 0 | H11: ='Tilinpäätös'!H22/2 -> 0 | I11: ='Tilinpäätös'!I22/2 -> 0 | ... M11: ='Tilinpäätös'!M22/2 -> 0 | N11: =SUM(B11:M11) -> 0
A14: Yhteensä | B14: =SUM(B3:B13) -> 0 | C14: =SUM(C3:C13) -> 0 | D14: =SUM(D3:D13) -> 0 | E14: =SUM(E3:E13) -> 0 | F14: =SUM(F3:F13) -> 0 | G14: =SUM(G3:G13) -> 0 | H14: =SUM(H3:H13) -> 0 | I14: =SUM(I3:I13) -> 0 | ... N14: =SUM(N3:N13) -> 0
